,SLWL,SLWR,SCL,SCR,SRWL,SRWR,SDL,SDR,GLWL,GLWR,GCL,GCR,GRWL,GRWR,GDL,GDR,Goalie_Catches,Saved_Shots_Total,Goals_Total,Shots_Total,SV%,SV%_Left,SV%_Right,SV%_LeftWing_Total,SV%_LeftWing_Left,SV%_LeftWing_Right,SV%_Center_Total,SV%_Center_Left,SV%_Center_Right,SV%_RightWing_Total,SV%_RightWing_Left,SV%_RightWing_Right,SV%_Defense_Total,SV%_Defense_Left,SV%_Defense_Right,player_id,player_name
8470645,223,40,245,174,55,113,201,144,19,4,25,22,9,14,7,12,L,1195,112,1307,0.9143075745983168,0.923469387755102,0.9005736137667304,0.9195804195804196,0.9214876033057852,0.9090909090909091,0.8991416309012875,0.9074074074074074,0.8877551020408163,0.8795811518324608,0.859375,0.889763779527559,0.9478021978021978,0.9663461538461539,0.9230769230769231,8470645,Corey Crawford
8475215,200,36,260,167,66,119,215,130,19,2,37,22,8,11,9,4,L,1193,112,1305,0.9141762452107279,0.9103194103194103,0.9205702647657841,0.9182879377431906,0.91324200913242,0.9473684210526315,0.8786008230452675,0.8754208754208754,0.8835978835978836,0.9068627450980392,0.8918918918918919,0.9153846153846154,0.9636871508379888,0.9598214285714286,0.9701492537313433,8475215,Robin Lehner
8468011,137,19,114,85,32,46,102,86,18,2,20,9,4,3,5,3,L,621,64,685,0.9065693430656935,0.8912037037037037,0.932806324110672,0.8863636363636364,0.8838709677419355,0.9047619047619048,0.8728070175438597,0.8507462686567164,0.9042553191489362,0.9176470588235294,0.8888888888888888,0.9387755102040817,0.9591836734693877,0.9532710280373832,0.9662921348314607,8468011,Ryan Miller
8473575,204,28,233,162,55,117,206,168,24,5,22,22,7,20,6,8,L,1173,114,1287,0.9114219114219114,0.9220607661822986,0.8962264150943396,0.8888888888888888,0.8947368421052632,0.8484848484848485,0.8997722095671982,0.9137254901960784,0.8804347826086957,0.864321608040201,0.8870967741935484,0.8540145985401459,0.9639175257731959,0.9716981132075472,0.9545454545454546,8473575,Semyon Varlamov
8474636,86,8,63,51,30,47,40,66,17,1,11,5,5,7,1,3,R,391,50,441,0.8866213151927438,0.8656126482213439,0.9148936170212766,0.8392857142857143,0.8349514563106796,0.8888888888888888,0.8769230769230769,0.8513513513513513,0.9107142857142857,0.8651685393258427,0.8571428571428571,0.8703703703703703,0.9636363636363636,0.975609756097561,0.9565217391304348,8474636,Michael Hutchinson
8476434,242,35,296,194,63,149,238,199,20,7,48,24,14,21,11,9,L,1416,154,1570,0.9019108280254777,0.9002145922746781,0.9043887147335423,0.9111842105263158,0.9236641221374046,0.8333333333333334,0.8718861209964412,0.8604651162790697,0.8899082568807339,0.8582995951417004,0.8181818181818182,0.8764705882352941,0.9562363238512035,0.9558232931726908,0.9567307692307693,8476434,John Gibson
8469608,168,35,197,136,42,97,153,154,26,2,28,16,7,14,7,9,L,982,109,1091,0.9000916590284143,0.89171974522293,0.9114470842332614,0.8787878787878788,0.865979381443299,0.9459459459459459,0.883289124668435,0.8755555555555555,0.8947368421052632,0.86875,0.8571428571428571,0.8738738738738738,0.9504643962848297,0.95625,0.9447852760736196,8469608,Mike Smith
8471679,305,34,332,177,76,161,279,240,39,7,39,27,8,17,14,11,L,1604,162,1766,0.9082672706681767,0.9084249084249084,0.9080118694362018,0.8805194805194805,0.8866279069767442,0.8292682926829268,0.8852173913043478,0.894878706199461,0.8676470588235294,0.9045801526717557,0.9047619047619048,0.9044943820224719,0.9540441176470589,0.9522184300341296,0.9561752988047809,8471679,Carey Price
8474651,234,20,280,177,82,125,219,198,29,5,40,31,15,14,16,7,L,1335,157,1492,0.8947721179624665,0.8907103825136612,0.901213171577123,0.8819444444444444,0.8897338403041825,0.8,0.865530303030303,0.875,0.8509615384615384,0.8771186440677966,0.845360824742268,0.8992805755395683,0.9477272727272728,0.9319148936170213,0.9658536585365853,8474651,Braden Holtby
8471734,189,26,234,154,67,103,183,156,22,6,37,14,5,12,12,14,L,1112,122,1234,0.9011345218800648,0.8985313751668892,0.9051546391752577,0.8847736625514403,0.8957345971563981,0.8125,0.8838268792710706,0.8634686346863468,0.9166666666666666,0.9090909090909091,0.9305555555555556,0.8956521739130435,0.9287671232876712,0.9384615384615385,0.9176470588235294,8471734,Jonathan Quick
8473503,126,8,125,95,31,86,97,87,11,1,16,13,2,10,7,4,L,655,64,719,0.9109874826147427,0.9132530120481928,0.9078947368421053,0.9178082191780822,0.9197080291970803,0.8888888888888888,0.8835341365461847,0.8865248226950354,0.8796296296296297,0.9069767441860465,0.9393939393939394,0.8958333333333334,0.9435897435897436,0.9326923076923077,0.9560439560439561,8473503,James Reimer
8474593,242,42,246,179,92,130,210,173,22,3,31,23,11,18,8,7,L,1314,123,1437,0.9144050104384134,0.9164733178654292,0.9113043478260869,0.919093851132686,0.9166666666666666,0.9333333333333333,0.8872651356993737,0.8880866425992779,0.8861386138613861,0.8844621513944223,0.8932038834951457,0.8783783783783784,0.9623115577889447,0.963302752293578,0.9611111111111111,8474593,Jacob Markstrom
8475683,235,25,286,172,76,142,212,207,37,5,28,28,8,18,20,13,L,1355,157,1512,0.8961640211640212,0.8968957871396895,0.8950819672131147,0.8609271523178808,0.8639705882352942,0.8333333333333334,0.8910505836575876,0.910828025477707,0.86,0.8934426229508197,0.9047619047619048,0.8875,0.9269911504424779,0.9137931034482759,0.9409090909090909,8475683,Sergei Bobrovsky
8473541,249,17,247,155,55,122,212,176,32,5,30,26,4,17,9,5,L,1233,128,1361,0.9059515062454078,0.9105011933174224,0.8986615678776291,0.8778877887788779,0.8861209964412812,0.7727272727272727,0.8777292576419214,0.8916967509025271,0.856353591160221,0.8939393939393939,0.9322033898305084,0.8776978417266187,0.9651741293532339,0.9592760180995475,0.9723756906077348,8473541,Jonathan Bernier
8475195,97,11,107,55,46,39,102,114,11,3,14,12,6,3,10,2,L,571,61,632,0.9034810126582279,0.8956743002544529,0.9163179916317992,0.8852459016393442,0.8981481481481481,0.7857142857142857,0.8617021276595744,0.8842975206611571,0.8208955223880597,0.9042553191489362,0.8846153846153846,0.9285714285714286,0.9473684210526315,0.9107142857142857,0.9827586206896551,8475195,Anders Nilsson
8476945,262,42,351,207,113,144,309,230,20,3,44,29,12,15,13,8,L,1658,144,1802,0.9200887902330743,0.9208185053380783,0.9188790560471977,0.9296636085626911,0.9290780141843972,0.9333333333333333,0.884310618066561,0.8886075949367088,0.8771186440677966,0.9049295774647887,0.904,0.9056603773584906,0.9625,0.9596273291925466,0.9663865546218487,8476945,Connor Hellebuyck
8471750,229,36,233,175,50,117,207,168,28,4,33,18,4,10,8,7,L,1215,112,1327,0.9155990957045969,0.9078282828282829,0.9271028037383178,0.8922558922558923,0.8910505836575876,0.9,0.8888888888888888,0.8759398496240601,0.9067357512953368,0.9226519337016574,0.9259259259259259,0.9212598425196851,0.9615384615384616,0.9627906976744186,0.96,8471750,Ben Bishop
8470860,128,21,183,86,49,89,161,150,12,1,22,12,5,8,13,10,L,867,83,950,0.9126315789473685,0.9092495636998255,0.9177718832891246,0.9197530864197531,0.9142857142857143,0.9545454545454546,0.8877887788778878,0.8926829268292683,0.8775510204081632,0.9139072847682119,0.9074074074074074,0.9175257731958762,0.9311377245508982,0.9252873563218391,0.9375,8470860,Jaroslav Halak
8471306,143,18,152,92,56,71,112,125,12,1,15,6,7,15,11,9,L,769,76,845,0.9100591715976332,0.9114173228346457,0.9080118694362018,0.9252873563218391,0.9225806451612903,0.9473684210526315,0.9207547169811321,0.9101796407185628,0.9387755102040817,0.8523489932885906,0.8888888888888888,0.8255813953488372,0.9221789883268483,0.9105691056910569,0.9328358208955224,8471306,Thomas Greiss
8477293,148,28,185,122,40,107,176,129,25,2,26,6,8,9,4,2,L,935,82,1017,0.9193706981317601,0.8970588235294118,0.9530864197530864,0.8669950738916257,0.8554913294797688,0.9333333333333333,0.9056047197640118,0.8767772511848341,0.953125,0.8963414634146342,0.8333333333333334,0.9224137931034483,0.9807073954983923,0.9777777777777777,0.9847328244274809,8477293,Antti Raanta
8475839,62,9,73,62,20,28,60,70,12,3,12,11,3,4,4,3,R,384,52,436,0.8807339449541285,0.8739837398373984,0.8894736842105263,0.8255813953488372,0.8378378378378378,0.75,0.8544303797468354,0.8588235294117647,0.8493150684931506,0.8727272727272727,0.8695652173913043,0.875,0.948905109489051,0.9375,0.958904109589041,8475839,Louis Domingue
8476234,29,5,29,24,6,15,31,29,6,1,4,5,1,5,2,0,L,168,24,192,0.875,0.8796296296296297,0.8690476190476191,0.8292682926829268,0.8285714285714286,0.8333333333333334,0.8548387096774194,0.8787878787878788,0.8275862068965517,0.7777777777777778,0.8571428571428571,0.75,0.967741935483871,0.9393939393939394,1.0,8476234,Keith Kinkaid
8470880,142,11,159,81,43,84,120,103,19,0,24,12,4,13,6,8,L,743,86,829,0.8962605548854041,0.8974854932301741,0.8942307692307693,0.8895348837209303,0.8819875776397516,1.0,0.8695652173913043,0.8688524590163934,0.8709677419354839,0.8819444444444444,0.9148936170212766,0.865979381443299,0.9409282700421941,0.9523809523809523,0.9279279279279279,8470880,Brian Elliott
8470594,218,27,275,183,55,155,209,163,32,3,35,26,10,20,8,10,L,1285,144,1429,0.8992302309307207,0.8990498812351544,0.899488926746167,0.875,0.872,0.9,0.882466281310212,0.8870967741935484,0.8755980861244019,0.875,0.8461538461538461,0.8857142857142857,0.9538461538461539,0.9631336405529954,0.9421965317919075,8470594,Marc-Andre Fleury
8475660,119,27,157,93,24,70,122,105,12,3,20,7,6,9,2,6,L,717,65,782,0.9168797953964194,0.9134199134199135,0.921875,0.906832298136646,0.9083969465648855,0.9,0.9025270758122743,0.8870056497175142,0.93,0.8623853211009175,0.8,0.8860759493670886,0.9659574468085106,0.9838709677419355,0.9459459459459459,8475660,Cam Talbot
8471239,50,5,61,48,12,40,53,46,13,1,7,7,2,5,4,1,L,315,40,355,0.8873239436619719,0.8712871287128713,0.9084967320261438,0.7971014492753623,0.7936507936507936,0.8333333333333334,0.8861788617886179,0.8970588235294118,0.8727272727272727,0.8813559322033898,0.8571428571428571,0.8888888888888888,0.9519230769230769,0.9298245614035088,0.9787234042553191,8471239,Cory Schneider
8476899,165,20,219,120,46,80,153,147,24,2,25,15,10,13,10,9,L,950,108,1058,0.8979206049149339,0.8941717791411042,0.9039408866995073,0.8767772511848341,0.873015873015873,0.9090909090909091,0.8944591029023746,0.8975409836065574,0.8888888888888888,0.8456375838926175,0.8214285714285714,0.8602150537634409,0.9404388714733543,0.9386503067484663,0.9423076923076923,8476899,Matt Murray
8471227,142,31,152,88,29,57,146,113,23,3,26,11,8,10,9,5,L,758,95,853,0.8886283704572099,0.8766355140186916,0.9088050314465409,0.8693467336683417,0.8606060606060606,0.9117647058823529,0.8664259927797834,0.8539325842696629,0.8888888888888888,0.8269230769230769,0.7837837837837838,0.8507462686567164,0.9487179487179487,0.9419354838709677,0.9576271186440678,8471227,Devan Dubnyk
8476914,164,31,207,107,47,71,172,139,24,2,22,12,5,10,9,9,L,938,93,1031,0.9097963142580019,0.9076923076923077,0.9133858267716536,0.8823529411764706,0.8723404255319149,0.9393939393939394,0.9022988505747126,0.9039301310043668,0.8991596638655462,0.8872180451127819,0.9038461538461539,0.8765432098765432,0.9452887537993921,0.9502762430939227,0.9391891891891891,8476914,Joonas Korpisalo
8475883,272,27,253,178,87,146,265,218,36,6,27,33,15,14,9,12,L,1446,152,1598,0.904881101376721,0.9097510373443983,0.8974763406940063,0.8768328445747801,0.8831168831168831,0.8181818181818182,0.8778004073319755,0.9035714285714286,0.8436018957345972,0.8893129770992366,0.8529411764705882,0.9125,0.9583333333333334,0.9671532846715328,0.9478260869565217,8475883,Frederik Andersen
8474889,226,35,197,149,61,89,149,125,33,5,15,25,3,15,15,7,L,1031,118,1149,0.897302001740644,0.9055793991416309,0.8844444444444445,0.8729096989966555,0.8725868725868726,0.875,0.8963730569948186,0.9292452830188679,0.8563218390804598,0.8928571428571429,0.953125,0.8557692307692307,0.9256756756756757,0.9085365853658537,0.946969696969697,8474889,Martin Jones
8471469,173,21,167,116,40,95,166,124,19,6,29,20,3,17,8,5,L,902,107,1009,0.8939544103072349,0.9024793388429752,0.8811881188118812,0.8858447488584474,0.9010416666666666,0.7777777777777778,0.8524096385542169,0.8520408163265306,0.8529411764705882,0.8709677419354839,0.9302325581395349,0.8482142857142857,0.9570957095709571,0.9540229885057471,0.9612403100775194,8471469,Pekka Rinne
8476883,290,37,321,216,47,158,255,237,32,2,38,27,9,16,11,7,L,1561,142,1703,0.9166177334116266,0.9102691924227319,0.9257142857142857,0.9058171745152355,0.9006211180124224,0.9487179487179487,0.8920265780730897,0.8941504178272981,0.8888888888888888,0.8913043478260869,0.8392857142857143,0.9080459770114943,0.9647058823529412,0.9586466165413534,0.9713114754098361,8476883,Andrei Vasilevskiy
8475831,197,29,193,142,59,91,157,164,23,6,19,19,8,10,7,5,L,1032,97,1129,0.9140832595217007,0.9140271493212669,0.9141630901287554,0.8862745098039215,0.8954545454545455,0.8285714285714286,0.8981233243967829,0.910377358490566,0.8819875776397516,0.8928571428571429,0.8805970149253731,0.900990099009901,0.963963963963964,0.9573170731707317,0.9704142011834319,8475831,Philipp Grubauer
8471774,155,20,160,144,77,90,200,144,15,5,15,20,13,12,14,9,L,990,103,1093,0.9057639524245197,0.9121725731895224,0.8963963963963963,0.8974358974358975,0.9117647058823529,0.8,0.8967551622418879,0.9142857142857143,0.8780487804878049,0.8697916666666666,0.8555555555555555,0.8823529411764706,0.9373297002724795,0.9345794392523364,0.9411764705882353,8471774,Alex Stalock
8479292,36,4,28,11,24,9,22,27,7,0,4,0,2,4,2,1,R,161,20,181,0.8895027624309392,0.88,0.9107142857142857,0.851063829787234,0.8372093023255814,1.0,0.9069767441860465,0.875,1.0,0.8461538461538461,0.9230769230769231,0.6923076923076923,0.9423076923076923,0.9166666666666666,0.9642857142857143,8479292,Charlie Lindgren
8477424,202,21,214,136,53,117,159,158,20,4,27,12,12,18,4,7,L,1060,104,1164,0.9106529209621993,0.9088277858176556,0.9133192389006343,0.902834008097166,0.9099099099099099,0.84,0.8997429305912596,0.8879668049792531,0.918918918918919,0.85,0.8153846153846154,0.8666666666666667,0.9664634146341463,0.9754601226993865,0.9575757575757575,8477424,Juuse Saros
8471418,151,23,172,107,54,82,161,131,12,3,15,7,8,8,5,10,L,881,68,949,0.928345626975764,0.9307958477508651,0.9245283018867925,0.9206349206349206,0.9263803680981595,0.8846153846153846,0.9269102990033222,0.9197860962566845,0.9385964912280702,0.8947368421052632,0.8709677419354839,0.9111111111111111,0.9511400651465798,0.9698795180722891,0.9290780141843972,8471418,Anton Khudobin
8468685,183,13,161,84,45,73,135,109,17,2,21,13,6,14,8,7,L,803,88,891,0.9012345679012346,0.9097222222222222,0.8857142857142857,0.9116279069767442,0.915,0.8666666666666667,0.8781362007168458,0.8846153846153846,0.865979381443299,0.855072463768116,0.8823529411764706,0.8390804597701149,0.9420849420849421,0.9440559440559441,0.9396551724137931,8468685,Henrik Lundqvist
8471695,218,30,236,149,64,88,200,180,20,2,24,18,3,11,7,10,L,1165,95,1260,0.9246031746031746,0.9300518134715026,0.9159836065573771,0.9185185185185185,0.9159663865546218,0.9375,0.9016393442622951,0.9076923076923077,0.8922155688622755,0.9156626506024096,0.9552238805970149,0.8888888888888888,0.9571788413098237,0.966183574879227,0.9473684210526315,8471695,Tuukka Rask
8475852,174,34,184,144,63,109,148,136,18,6,22,26,7,10,7,8,L,992,104,1096,0.9051094890510949,0.913322632423756,0.8942917547568711,0.896551724137931,0.90625,0.85,0.8723404255319149,0.8932038834951457,0.8470588235294118,0.91005291005291,0.9,0.9159663865546218,0.9498327759197325,0.9548387096774194,0.9444444444444444,8475852,Petr Mrazek
8476999,191,24,186,131,49,89,159,153,30,2,20,16,5,11,5,3,L,982,92,1074,0.9143389199255121,0.9069767441860465,0.9254079254079254,0.8704453441295547,0.8642533936651584,0.9230769230769231,0.8980169971671388,0.9029126213592233,0.891156462585034,0.8961038961038961,0.9074074074074074,0.89,0.975,0.9695121951219512,0.9807692307692307,8476999,Linus Ullmark
8480382,162,16,198,118,39,119,170,144,24,5,24,16,5,8,7,7,L,966,96,1062,0.9096045197740112,0.904610492845787,0.9168591224018475,0.8599033816425121,0.8709677419354839,0.7619047619047619,0.8876404494382022,0.8918918918918919,0.8805970149253731,0.9239766081871345,0.8863636363636364,0.937007874015748,0.9573170731707317,0.96045197740113,0.9536423841059603,8480382,Alexandar Georgiev
8474596,104,13,139,82,49,72,121,68,8,2,14,9,6,6,4,3,L,648,52,700,0.9257142857142857,0.9280898876404494,0.9215686274509803,0.9212598425196851,0.9285714285714286,0.8666666666666667,0.9057377049180327,0.9084967320261438,0.9010989010989011,0.9097744360902256,0.8909090909090909,0.9230769230769231,0.9642857142857143,0.968,0.9577464788732394,8474596,Jake Allen
8467950,142,30,158,129,42,82,166,169,15,4,17,23,6,18,6,11,L,918,100,1018,0.9017681728880157,0.9202898550724637,0.8798283261802575,0.900523560209424,0.9044585987261147,0.8823529411764706,0.8776758409785933,0.9028571428571428,0.8486842105263158,0.8378378378378378,0.875,0.82,0.9517045454545454,0.9651162790697675,0.9388888888888889,8467950,Craig Anderson
8470147,102,14,83,47,54,58,76,66,12,0,11,8,5,4,8,6,L,500,54,554,0.9025270758122743,0.8974358974358975,0.9113300492610837,0.90625,0.8947368421052632,1.0,0.87248322147651,0.8829787234042553,0.8545454545454545,0.9256198347107438,0.9152542372881356,0.9354838709677419,0.9102564102564102,0.9047619047619048,0.9166666666666666,8470147,Curtis McElhinney
8476341,16,1,3,18,4,5,12,11,1,0,3,0,1,1,1,1,L,70,8,78,0.8974358974358975,0.8536585365853658,0.9459459459459459,0.9444444444444444,0.9411764705882353,1.0,0.875,0.5,1.0,0.8181818181818182,0.8,0.8333333333333334,0.92,0.9230769230769231,0.9166666666666666,8476341,Anton Forsberg
8475622,133,12,182,121,42,92,122,120,17,4,24,17,8,11,8,6,L,824,95,919,0.8966267682263329,0.8936567164179104,0.9007832898172323,0.8734939759036144,0.8866666666666667,0.75,0.8808139534883721,0.883495145631068,0.8768115942028986,0.8758169934640523,0.84,0.8932038834951457,0.9453125,0.9384615384615385,0.9523809523809523,8475622,Carter Hutton
8476316,96,6,99,68,9,56,67,61,14,4,16,8,3,8,2,3,L,462,58,520,0.8884615384615384,0.8856209150326797,0.8925233644859814,0.85,0.8727272727272727,0.6,0.8743455497382199,0.8608695652173913,0.8947368421052632,0.8552631578947368,0.75,0.875,0.9624060150375939,0.9710144927536232,0.953125,8476316,Laurent Brossoit
8477180,185,14,178,117,38,108,143,112,20,1,20,16,6,19,9,2,L,895,93,988,0.9058704453441295,0.9081803005008348,0.9023136246786633,0.9045454545454545,0.9024390243902439,0.9333333333333333,0.8912386706948641,0.898989898989899,0.8796992481203008,0.8538011695906432,0.8636363636363636,0.8503937007874016,0.9586466165413534,0.9407894736842105,0.9824561403508771,8477180,Aaron Dell
8470657,108,27,151,95,51,62,131,98,11,5,27,13,12,10,8,11,L,723,97,820,0.8817073170731707,0.8837675350701403,0.8785046728971962,0.8940397350993378,0.907563025210084,0.84375,0.8601398601398601,0.848314606741573,0.8796296296296297,0.837037037037037,0.8095238095238095,0.8611111111111112,0.9233870967741935,0.9424460431654677,0.8990825688073395,8470657,Jimmy Howard
8475311,143,11,156,111,39,90,153,145,14,0,21,6,4,10,7,8,L,848,70,918,0.9237472766884531,0.9143389199255121,0.937007874015748,0.9166666666666666,0.910828025477707,1.0,0.9081632653061225,0.8813559322033898,0.9487179487179487,0.9020979020979021,0.9069767441860465,0.9,0.952076677316294,0.95625,0.9477124183006536,8475311,Darcy Kuemper
8477465,135,24,163,119,49,113,175,134,24,1,20,14,6,8,4,2,L,912,79,991,0.9202825428859738,0.90625,0.9397590361445783,0.8641304347826086,0.8490566037735849,0.96,0.8924050632911392,0.8907103825136612,0.8947368421052632,0.9204545454545454,0.8909090909090909,0.9338842975206612,0.9809523809523809,0.9776536312849162,0.9852941176470589,8477465,Tristan Jarry
8476876,89,15,95,61,29,59,82,58,19,1,16,5,5,4,5,6,L,488,61,549,0.8888888888888888,0.8676470588235294,0.9234449760765551,0.8387096774193549,0.8240740740740741,0.9375,0.8813559322033898,0.8558558558558559,0.9242424242424242,0.9072164948453608,0.8529411764705882,0.9365079365079365,0.9271523178807947,0.9425287356321839,0.90625,8476876,Malcolm Subban
8479496,221,22,297,199,78,141,229,168,28,7,25,27,12,19,9,13,L,1355,140,1495,0.9063545150501672,0.917686318131257,0.889261744966443,0.8741007194244604,0.8875502008032129,0.7586206896551724,0.9051094890510949,0.922360248447205,0.8805309734513275,0.876,0.8666666666666667,0.88125,0.9474940334128878,0.9621848739495799,0.9281767955801105,8479496,David Rittich
8479312,20,2,9,5,3,12,8,6,4,0,0,0,1,2,1,0,L,65,8,73,0.8904109589041096,0.8695652173913043,0.9259259259259259,0.8461538461538461,0.8333333333333334,1.0,1.0,1.0,1.0,0.8333333333333334,0.75,0.8571428571428571,0.9333333333333333,0.8888888888888888,1.0,8479312,Alex Lyon
8478499,52,1,71,45,18,32,56,45,5,0,7,6,3,6,2,1,L,320,30,350,0.9142857142857143,0.9205607476635514,0.9044117647058824,0.9137931034482759,0.9122807017543859,1.0,0.8992248062015504,0.9102564102564102,0.8823529411764706,0.847457627118644,0.8571428571428571,0.8421052631578947,0.9711538461538461,0.9655172413793104,0.9782608695652174,8478499,Adin Hill
8477967,141,14,148,113,45,74,108,109,16,1,23,14,10,6,4,6,L,752,80,832,0.9038461538461539,0.8929292929292929,0.9198813056379822,0.9011627906976745,0.8980891719745223,0.9333333333333333,0.8758389261744967,0.8654970760233918,0.889763779527559,0.8814814814814815,0.8181818181818182,0.925,0.9559471365638766,0.9642857142857143,0.9478260869565217,8477967,Thatcher Demko
8475789,106,25,137,68,45,90,139,78,14,1,26,10,5,9,5,3,L,688,73,761,0.9040735873850198,0.8951781970649895,0.9190140845070423,0.8972602739726028,0.8833333333333333,0.9615384615384616,0.8506224066390041,0.8404907975460123,0.8717948717948718,0.9060402684563759,0.9,0.9090909090909091,0.9644444444444444,0.9652777777777778,0.9629629629629629,8475789,Jack Campbell
8476412,245,38,274,183,86,158,228,167,31,4,32,26,9,15,11,9,L,1379,137,1516,0.9096306068601583,0.9093886462882096,0.91,0.889937106918239,0.8876811594202898,0.9047619047619048,0.887378640776699,0.8954248366013072,0.8755980861244019,0.9104477611940298,0.9052631578947369,0.9132947976878613,0.9518072289156626,0.9539748953974896,0.9488636363636364,8476412,Jordan Binnington
8476904,81,10,56,47,11,30,42,55,3,0,7,5,2,1,3,1,L,332,22,354,0.9378531073446328,0.926829268292683,0.9530201342281879,0.9680851063829787,0.9642857142857143,1.0,0.8956521739130435,0.8888888888888888,0.9038461538461539,0.9318181818181818,0.8461538461538461,0.967741935483871,0.9603960396039604,0.9333333333333333,0.9821428571428571,8476904,Chris Driedger
8477968,16,1,14,18,2,8,12,15,2,0,4,1,1,1,1,1,L,86,11,97,0.8865979381443299,0.8461538461538461,0.9333333333333333,0.8947368421052632,0.8888888888888888,1.0,0.8648648648648649,0.7777777777777778,0.9473684210526315,0.8333333333333334,0.6666666666666666,0.8888888888888888,0.9310344827586207,0.9230769230769231,0.9375,8477968,Alex Nedeljkovic
8475156,183,44,236,143,67,83,173,151,20,8,17,17,12,9,7,7,L,1080,97,1177,0.9175870858113849,0.9216783216783216,0.9112554112554112,0.8901960784313725,0.9014778325123153,0.8461538461538461,0.9176755447941889,0.932806324110672,0.89375,0.8771929824561403,0.8481012658227848,0.9021739130434783,0.9585798816568047,0.9611111111111111,0.9556962025316456,8475156,Mikko Koskinen
8480162,30,6,16,14,2,9,22,24,2,2,4,2,3,0,1,0,L,123,14,137,0.8978102189781022,0.875,0.9298245614035088,0.9,0.9375,0.75,0.8333333333333334,0.8,0.875,0.7857142857142857,0.4,1.0,0.9787234042553191,0.9565217391304348,1.0,8480162,Matiss Kivlenieks
8479394,197,23,169,143,73,116,182,167,25,0,27,13,8,15,9,5,L,1070,102,1172,0.9129692832764505,0.9,0.9315352697095436,0.8979591836734694,0.8873873873873874,1.0,0.8863636363636364,0.8622448979591837,0.9166666666666666,0.8915094339622641,0.9012345679012346,0.8854961832061069,0.9614325068870524,0.9528795811518325,0.9709302325581395,8479394,Carter Hart
8478406,224,31,267,181,84,151,231,175,21,7,36,19,9,16,12,15,L,1344,135,1479,0.9087221095334685,0.9117647058823529,0.9042016806722689,0.901060070671378,0.9142857142857143,0.8157894736842105,0.8906560636182903,0.8811881188118812,0.905,0.9038461538461539,0.9032258064516129,0.9041916167664671,0.9376443418013857,0.9506172839506173,0.9210526315789473,8478406,Mackenzie Blackwood
8478492,123,19,148,63,34,39,108,97,9,0,20,13,3,10,4,4,L,631,63,694,0.909221902017291,0.9198218262806236,0.889795918367347,0.9403973509933775,0.9318181818181818,1.0,0.8647540983606558,0.8809523809523809,0.8289473684210527,0.8488372093023255,0.918918918918919,0.7959183673469388,0.9624413145539906,0.9642857142857143,0.9603960396039604,8478492,Ilya Samsonov
8478007,152,12,167,117,52,83,132,144,13,3,15,15,8,16,1,7,L,859,78,937,0.9167556029882604,0.9314814814814815,0.8967254408060453,0.9111111111111111,0.9212121212121213,0.8,0.9044585987261147,0.9175824175824175,0.8863636363636364,0.8490566037735849,0.8666666666666667,0.8383838383838383,0.971830985915493,0.9924812030075187,0.9536423841059603,8478007,Elvis Merzlikins
8478470,63,16,71,35,16,29,51,44,10,0,13,5,5,3,5,1,L,325,42,367,0.885558583106267,0.8589743589743589,0.9323308270676691,0.8876404494382022,0.863013698630137,1.0,0.8548387096774194,0.8452380952380952,0.875,0.8490566037735849,0.7619047619047619,0.90625,0.9405940594059405,0.9107142857142857,0.9777777777777777,8478470,Sam Montembeault
8480925,134,28,181,111,75,96,187,136,16,2,19,15,7,7,8,3,R,948,77,1025,0.9248780487804878,0.9202551834130781,0.9321608040201005,0.9,0.8933333333333333,0.9333333333333333,0.8957055214723927,0.905,0.8809523809523809,0.9243243243243243,0.9146341463414634,0.9320388349514563,0.9670658682634731,0.958974358974359,0.9784172661870504,8480925,Pavel Francouz
8478039,18,3,25,20,6,23,35,27,4,0,5,3,2,1,2,0,L,157,17,174,0.9022988505747126,0.865979381443299,0.948051948051948,0.84,0.8181818181818182,1.0,0.8490566037735849,0.8333333333333334,0.8695652173913043,0.90625,0.75,0.9583333333333334,0.96875,0.9459459459459459,1.0,8478039,Kaapo Kahkonen
8477405,112,24,138,73,23,68,130,96,15,4,21,14,5,9,6,2,L,664,76,740,0.8972972972972973,0.8955555555555555,0.9,0.8774193548387097,0.8818897637795275,0.8571428571428571,0.8577235772357723,0.8679245283018868,0.8390804597701149,0.8666666666666667,0.8214285714285714,0.8831168831168831,0.9658119658119658,0.9558823529411765,0.9795918367346939,8477405,Marcus Hogberg
8478048,82,8,75,34,28,48,59,61,7,2,10,2,1,5,1,1,L,395,29,424,0.9316037735849056,0.9277566539923955,0.937888198757764,0.9090909090909091,0.9213483146067416,0.8,0.9008264462809917,0.8823529411764706,0.9444444444444444,0.926829268292683,0.9655172413793104,0.9056603773584906,0.9836065573770492,0.9833333333333333,0.9838709677419355,8478048,Igor Shesterkin
8477992,28,5,42,13,1,16,20,10,3,0,6,1,1,5,2,0,L,135,18,153,0.8823529411764706,0.883495145631068,0.88,0.9166666666666666,0.9032258064516129,1.0,0.8870967741935484,0.875,0.9285714285714286,0.7391304347826086,0.5,0.7619047619047619,0.9375,0.9090909090909091,1.0,8477992,Jonas Johansson
8477361,57,3,65,23,6,24,43,27,2,1,6,5,0,5,1,1,R,248,21,269,0.9219330855018587,0.95,0.8651685393258427,0.9523809523809523,0.9661016949152542,0.75,0.8888888888888888,0.9154929577464789,0.8214285714285714,0.8571428571428571,1.0,0.8275862068965517,0.9722222222222222,0.9772727272727273,0.9642857142857143,8477361,Calvin Petersen
